mean_fit_time,std_fit_time,mean_score_time,std_score_time,param_max_depth,param_min_samples_split,param_n_estimators,params,split0_test_score,split1_test_score,split2_test_score,mean_test_score,std_test_score,rank_test_score
0.1644277572631836,0.0044237157484295995,0.007778167724609375,0.0004364081733874221,,2,100,"{'max_depth': None, 'min_samples_split': 2, 'n_estimators': 100}",0.7541899441340782,0.7528089887640449,0.797752808988764,0.7682505806289623,0.020868842294657332,1
0.3734860420227051,0.03157639288506654,0.02198958396911621,0.00806449468512348,,2,200,"{'max_depth': None, 'min_samples_split': 2, 'n_estimators': 200}",0.7430167597765364,0.7584269662921348,0.7865168539325843,0.7626535266670852,0.018008561063164456,5
0.20919322967529297,0.036920878821785484,0.009254773457845053,0.002059050323872168,,5,100,"{'max_depth': None, 'min_samples_split': 5, 'n_estimators': 100}",0.7486033519553073,0.7752808988764045,0.7640449438202247,0.7626430648839788,0.010936081743347075,7
0.4046977361043294,0.00821721788760698,0.015048980712890625,0.0015003561777350678,,5,200,"{'max_depth': None, 'min_samples_split': 5, 'n_estimators': 200}",0.7430167597765364,0.7865168539325843,0.7696629213483146,0.766398845019145,0.017908195397791902,3
0.19176554679870605,0.03080738308335247,0.007295529047648112,0.0008215667920223489,20,2,100,"{'max_depth': 20, 'min_samples_split': 2, 'n_estimators': 100}",0.7541899441340782,0.7528089887640449,0.797752808988764,0.7682505806289623,0.020868842294657332,1
0.3079655170440674,0.004797564910167092,0.013626972834269205,0.0003044460765019218,20,2,200,"{'max_depth': 20, 'min_samples_split': 2, 'n_estimators': 200}",0.7430167597765364,0.7584269662921348,0.7865168539325843,0.7626535266670852,0.018008561063164456,5
0.20514480272928873,0.039145276726632025,0.008980909983317057,0.0006242088094687634,20,5,100,"{'max_depth': 20, 'min_samples_split': 5, 'n_estimators': 100}",0.7486033519553073,0.7752808988764045,0.7640449438202247,0.7626430648839788,0.010936081743347075,7
0.3666377862294515,0.03313647590826479,0.015594720840454102,0.002200397250691378,20,5,200,"{'max_depth': 20, 'min_samples_split': 5, 'n_estimators': 200}",0.7430167597765364,0.7865168539325843,0.7696629213483146,0.766398845019145,0.017908195397791902,3
