mean_fit_time,std_fit_time,mean_score_time,std_score_time,param_max_depth,param_min_samples_split,param_n_estimators,params,split0_test_score,split1_test_score,split2_test_score,mean_test_score,std_test_score,rank_test_score
0.20525614420572916,0.023653709506957814,0.0076669057210286455,0.0011714395868171728,,2,100,"{'max_depth': None, 'min_samples_split': 2, 'n_estimators': 100}",0.7541899441340782,0.7528089887640449,0.797752808988764,0.7682505806289623,0.020868842294657332,1
0.37420837084452313,0.037877664625389613,0.011937618255615234,0.0006020996129389849,,2,200,"{'max_depth': None, 'min_samples_split': 2, 'n_estimators': 200}",0.7430167597765364,0.7584269662921348,0.7865168539325843,0.7626535266670852,0.018008561063164456,5
0.17136383056640625,0.013727807673001049,0.007225592931111653,0.0005247536176584281,,5,100,"{'max_depth': None, 'min_samples_split': 5, 'n_estimators': 100}",0.7486033519553073,0.7752808988764045,0.7640449438202247,0.7626430648839788,0.010936081743347075,7
0.3319398562113444,0.00827675511018925,0.013110796610514322,0.0022602843850967522,,5,200,"{'max_depth': None, 'min_samples_split': 5, 'n_estimators': 200}",0.7430167597765364,0.7865168539325843,0.7696629213483146,0.766398845019145,0.017908195397791902,3
0.15845982233683267,0.008944716567822966,0.0063902537027994795,7.255040755179384e-05,20,2,100,"{'max_depth': 20, 'min_samples_split': 2, 'n_estimators': 100}",0.7541899441340782,0.7528089887640449,0.797752808988764,0.7682505806289623,0.020868842294657332,1
0.33507219950358075,0.010027389095997779,0.012273867925008139,0.0009306073899284925,20,2,200,"{'max_depth': 20, 'min_samples_split': 2, 'n_estimators': 200}",0.7430167597765364,0.7584269662921348,0.7865168539325843,0.7626535266670852,0.018008561063164456,5
0.15764268239339194,0.015318777176443829,0.006690263748168945,0.0005873265754782619,20,5,100,"{'max_depth': 20, 'min_samples_split': 5, 'n_estimators': 100}",0.7486033519553073,0.7752808988764045,0.7640449438202247,0.7626430648839788,0.010936081743347075,7
0.2878709634145101,0.0019986186643323805,0.010790427525838217,0.0001533862839888528,20,5,200,"{'max_depth': 20, 'min_samples_split': 5, 'n_estimators': 200}",0.7430167597765364,0.7865168539325843,0.7696629213483146,0.766398845019145,0.017908195397791902,3
